,accuracy,f1 score,model,feat
0,67.18499999999999,68.27476192778073,MLP,simplefeat
1,68.965,70.10547608727063,RandomForest,simplefeat
0,64.05999999999999,62.810430463576154,MLP,glove
1,68.00500000000001,68.75335709751452,RandomForest,glove
0,63.824999999999996,69.25332540053546,MLP,glove_simplefeat
1,70.92500000000001,71.54670450653228,RandomForest,glove_simplefeat
0,63.77,63.77724455108977,MLP,tfidf
1,64.98,62.07904710341094,RandomForest,tfidf
